-- PEUPLEMENT DES TABLES DE LA BDD VÉLOMAX

-- (15) Insertion dans la table Bicyclette

INSERT INTO Bicyclette(NumV ,NomV ,GrandeurV,PrixUV,DateIM,DateDM,Ligne, Cadre, Guidon, Freins, Selle, Derailleur_Avant, Derailleur_Arrière, Roue_Avant, Roue_Arrière, Reflecteurs, Pedalier, Ordinateur, Panier)
VALUES (101,"Kilimandjaro", "Adultes", 569,null, null,  "VTT",'C32','G7','F3','S88','DV133','DR56','R45','R46',null,'P12','O2',null); 
INSERT INTO Bicyclette(NumV ,NomV ,GrandeurV,PrixUV,DateIM,DateDM,Ligne, Cadre, Guidon, Freins, Selle, Derailleur_Avant, Derailleur_Arrière, Roue_Avant, Roue_Arrière, Reflecteurs, Pedalier, Ordinateur, Panier)
VALUES (102,"NorthPole", "Adultes", 329,null, null,  "VTT",'C34','G7','F3','S88','DV17','DR87','R48','R47',null,'P12',null,null); 
INSERT INTO Bicyclette(NumV ,NomV ,GrandeurV,PrixUV,DateIM,DateDM,Ligne, Cadre, Guidon, Freins, Selle, Derailleur_Avant, Derailleur_Arrière, Roue_Avant, Roue_Arrière, Reflecteurs, Pedalier, Ordinateur, Panier)
VALUES (103,"MontBlanc", "Jeunes", 399,null, null,  "VTT",'C76','G7','F3','S88','DV17','DR87','R48','R47',null,'P12','O2',null); 
INSERT INTO Bicyclette(NumV ,NomV ,GrandeurV,PrixUV,DateIM,DateDM,Ligne, Cadre, Guidon, Freins, Selle, Derailleur_Avant, Derailleur_Arrière, Roue_Avant, Roue_Arrière, Reflecteurs, Pedalier, Ordinateur, Panier)
VALUES (104,"Hooligan", "Jeunes", 199,null, null,  "VTT",'C76','G7','F3','S88','DV87','DR86','R12','R32',null,'P12',null,null); 
INSERT INTO Bicyclette(NumV ,NomV ,GrandeurV,PrixUV,DateIM,DateDM,Ligne, Cadre, Guidon, Freins, Selle, Derailleur_Avant, Derailleur_Arrière, Roue_Avant, Roue_Arrière, Reflecteurs, Pedalier, Ordinateur, Panier)
VALUES (105,"Orléans", "Hommes", 229,null, null,  "Vélo de course",'C43','G9','F9','S37','DV57','DR86','R19','R18','R02','P34',null,null); 
INSERT INTO Bicyclette(NumV ,NomV ,GrandeurV,PrixUV,DateIM,DateDM,Ligne, Cadre, Guidon, Freins, Selle, Derailleur_Avant, Derailleur_Arrière, Roue_Avant, Roue_Arrière, Reflecteurs, Pedalier, Ordinateur, Panier)
VALUES (106,"Orléans", "Dames", 229,null, null,  "Vélo de course",'C44f','G9','F9','S35','DV57','DR86','R19','R18','R02','P34',null,null); 
INSERT INTO Bicyclette(NumV ,NomV ,GrandeurV,PrixUV,DateIM,DateDM,Ligne, Cadre, Guidon, Freins, Selle, Derailleur_Avant, Derailleur_Arrière, Roue_Avant, Roue_Arrière, Reflecteurs, Pedalier, Ordinateur, Panier)
VALUES (107,"BlueJay", "Hommes", 349,null, null,  "Vélo de course",'C43','G9','F9','S37','DV57','DR87','R19','R18','R02','P34','O4',null); 
INSERT INTO Bicyclette(NumV ,NomV ,GrandeurV,PrixUV,DateIM,DateDM,Ligne, Cadre, Guidon, Freins, Selle, Derailleur_Avant, Derailleur_Arrière, Roue_Avant, Roue_Arrière, Reflecteurs, Pedalier, Ordinateur, Panier)
VALUES (108,"BlueJay", "Dames", 349,null, null,  "Vélo de course",'C43f','G9','F9','S35','DV57','DR87','R19','R18','R02','P34','O4',null); 
INSERT INTO Bicyclette(NumV ,NomV ,GrandeurV,PrixUV,DateIM,DateDM,Ligne, Cadre, Guidon, Freins, Selle, Derailleur_Avant, Derailleur_Arrière, Roue_Avant, Roue_Arrière, Reflecteurs, Pedalier, Ordinateur, Panier)
VALUES (109,"Trail Explorer", "Filles", 129,null, null,  "Classique",'C01','G12',null,'S02',null,null,'R1','R2','R09','P1',null,'S01'); 
INSERT INTO Bicyclette(NumV ,NomV ,GrandeurV,PrixUV,DateIM,DateDM,Ligne, Cadre, Guidon, Freins, Selle, Derailleur_Avant, Derailleur_Arrière, Roue_Avant, Roue_Arrière, Reflecteurs, Pedalier, Ordinateur, Panier)
VALUES (110,"Trail Explorer", "Garçons", 129,null, null,  "Classique",'C02','G12',null,'S03',null,null,'R1','R2','R09','P1',null,'S05'); 
INSERT INTO Bicyclette(NumV ,NomV ,GrandeurV,PrixUV,DateIM,DateDM,Ligne, Cadre, Guidon, Freins, Selle, Derailleur_Avant, Derailleur_Arrière, Roue_Avant, Roue_Arrière, Reflecteurs, Pedalier, Ordinateur, Panier)
VALUES (111,"Night Hawk", "Jeunes", 189,null, null,  "Classique",'C15','G12','F9','S36','DV15','DR23','R11','R12','R10','P15',null,'S74'); 
INSERT INTO Bicyclette(NumV ,NomV ,GrandeurV,PrixUV,DateIM,DateDM,Ligne, Cadre, Guidon, Freins, Selle, Derailleur_Avant, Derailleur_Arrière, Roue_Avant, Roue_Arrière, Reflecteurs, Pedalier, Ordinateur, Panier)
VALUES (112,"Tierra Verde", "Hommes", 199,null, null,  "Classique",'C87','G12','F9','S36','DV41','DR76','R11','R12','R10','P15',null,'S74'); 
INSERT INTO Bicyclette(NumV ,NomV ,GrandeurV,PrixUV,DateIM,DateDM,Ligne, Cadre, Guidon, Freins, Selle, Derailleur_Avant, Derailleur_Arrière, Roue_Avant, Roue_Arrière, Reflecteurs, Pedalier, Ordinateur, Panier)
VALUES (113,"Tierra Verde", "Dames", 199,null, null,  "Classique",'C87f','G12','F9','S34','DV41','DR76','R11','R12','R10','P15',null,'S73'); 
INSERT INTO Bicyclette(NumV ,NomV ,GrandeurV,PrixUV,DateIM,DateDM,Ligne, Cadre, Guidon, Freins, Selle, Derailleur_Avant, Derailleur_Arrière, Roue_Avant, Roue_Arrière, Reflecteurs, Pedalier, Ordinateur, Panier)
VALUES (114,"Mud Zinger I", "Jeunes", 279,null, null,  "BMX",'C25','G7','F3','S87','DV132','DR52','R44','R47',null,'P12',null,null); 
INSERT INTO Bicyclette(NumV ,NomV ,GrandeurV,PrixUV,DateIM,DateDM,Ligne, Cadre, Guidon, Freins, Selle, Derailleur_Avant, Derailleur_Arrière, Roue_Avant, Roue_Arrière, Reflecteurs, Pedalier, Ordinateur, Panier)
VALUES (115,"Mud Zinger II", "Adultes", 359,null, null,  "BMX",'C25','G7','F3','S87','DV133','DR52','R44','R47',null,'P12',null,null); 
	

-- (65) Insertion dans la table PiècesD

INSERT INTO PiècesD values('C32','Cadre','2020-03-00','2020-05-00','Fournisseur1','C156',5, 10);
INSERT INTO PiècesD values('S88','Selle','2020-03-00','2020-05-00','Fournisseur1','S157',5, 10);
INSERT INTO PiècesD values('DV17','Dérailleur Avant','2020-03-00','2020-05-00','Fournisseur1','D158',5, 10);
INSERT INTO PiècesD values('G7','Guidon','2020-03-00','2020-05-00','Fournisseur1','G159',5, 10);
INSERT INTO PiècesD values('F3','Freins','2019-05-00','2020-10-00','Fournisseur1','F159',5, 10);
INSERT INTO PiècesD values('DV133','Dérailleur Avant','2020-10-00','2021-04-00','Fournisseur1','DV001',5, 10);
INSERT INTO PiècesD values('DR56','Dérailleur Arrière','2019-10-00','2021-04-00','Fournisseur1','DR001',5, 10);
INSERT INTO PiècesD values('R45','Roue','2019-10-00','2021-01-00','Fournisseur1','RAV010',5, 10);
INSERT INTO PiècesD values('R46','Roue','2019-10-00','2021-01-00','Fournisseur1','RAR011',5, 1);
INSERT INTO PiècesD values('P12','Pédalier','2020-09-00','2020-12-00','Fournisseur1','P01',5, 2);
INSERT INTO PiècesD values('O2','Ordinateur','2018-10-00','2021-04-00','Fournisseur1','O542',5, 10);
INSERT INTO PiècesD values('C34','Cadre','2020-11-00','2021-01-00','Fournisseur2','CD1',5, 10);
INSERT INTO PiècesD values('DR87','Dérailleur Arrière','2020-01-00','2021-03-00','Fournisseur2','DAR151',5, 10);
INSERT INTO PiècesD values('R48','Roue','2020-08-00','2021-03-00','Fournisseur2','RAV151',5, 10);
INSERT INTO PiècesD values('R47','Roue','2020-08-00','2021-03-00','Fournisseur2','RAR151',5, 10);
INSERT INTO PiècesD values('C76','Cadre','2018-11-00','2021-02-00','Fournisseur3','C158',5, 10);
INSERT INTO PiècesD values('DV87','Dérailleur Avant','2017-07-00','2021-01-00','Fournisseur3','DAV087',5, 10);
INSERT INTO PiècesD values('DR86','Dérailleur Arrière','2016-07-00','2021-04-00','Fournisseur3','DAR086',5, 10);
INSERT INTO PiècesD values('R12','Roue','2020-10-00','2021-02-00','Fournisseur3','RV012',5, 10);
INSERT INTO PiècesD values('R32','Roue','2020-10-00','2021-02-00','Fournisseur3','RV032',5, 10);
INSERT INTO PiècesD values('C43','Cadre','2020-10-00','2021-04-00','Fournisseur3','C43',5, 10);
INSERT INTO PiècesD values('G9','Guidon','2019-10-00','2020-08-00','Fournisseur3','G009',5, 10);
INSERT INTO PiècesD values('F9','Freins','2019-10-00','2020-04-00','Fournisseur3','F009',5, 10);
INSERT INTO PiècesD values('S37','Selle','2018-12-00','2021-01-00','Fournisseur3','S037',5, 10);
INSERT INTO PiècesD values('DV57','Dérailleur Avant','2018-11-00','2020-04-00','Fournisseur3','DV057',5, 10);
INSERT INTO PiècesD values('R19','Roue','2019-05-00','2021-04-00','Fournisseur3','R019',5, 10);
INSERT INTO PiècesD values('R18','Roue','2019-11-00','2020-05-00','Fournisseur3','R018',5, 10);
INSERT INTO PiècesD values('R02','Réflecteurs','2018-10-00','2021-04-00','Fournisseur3','RF02',5, 10);
INSERT INTO PiècesD values('P34','Pédalier','2016-10-00','2021-05-00','Fournisseur3','P034',5, 10);
INSERT INTO PiècesD values('C44f','Cadre','2015-12-00','2021-01-00','Fournisseur4','C044f',5, 10);
INSERT INTO PiècesD values('S35','Selle','2019-09-00','2020-01-00','Fournisseur4','S035',5, 10);
INSERT INTO PiècesD values('O4','Ordinateur','2021-01-00','2021-05-00','Fournisseur4','OR04',5, 10);
INSERT INTO PiècesD values('C43f','Cadre','2020-10-00','2021-04-00','Fournisseur4','CD043',5, 10);
INSERT INTO PiècesD values('C01','Cadre','2019-01-00','2021-01-00','Fournisseur4','CD001',5, 10);
INSERT INTO PiècesD values('G12','Guidon','2020-12-00','2021-05-00','Fournisseur4','GU012',5, 10);
INSERT INTO PiècesD values('S02','Selle','2020-11-00','2021-03-00','Fournisseur4','S002',5, 10);
INSERT INTO PiècesD values('R1','Roue','2019-10-00','2021-04-00','Fournisseur4','RV01',5, 10);
INSERT INTO PiècesD values('R2','Roue','2020-02-00','2020-12-00','Fournisseur4','RV02',5, 10);
INSERT INTO PiècesD values('R09','Réflecteur','2020-10-00','2021-04-00','Fournisseur4','RF009',5, 10);
INSERT INTO PiècesD values('P1','Pédalier','2020-05-00','2021-02-00','Fournisseur4','P01',5, 10);
INSERT INTO PiècesD values('S01','Panier','2019-10-00','2021-01-00','Fournisseur4','PA01',5, 10);
INSERT INTO PiècesD values('C02','Cadre','2015-10-00','2020-01-00','Fournisseur2','CD002',5, 10);
INSERT INTO PiècesD values('S03','Selle','2020-09-00','2021-04-00','Fournisseur2','S003',5, 10);
INSERT INTO PiècesD values('S05','Panier','2020-10-00','2021-04-00','Fournisseur2','PA05',5, 10);
INSERT INTO PiècesD values('C15','Cadre','2020-05-00','2020-09-00','Fournisseur2','CA015',5, 10);
INSERT INTO PiècesD values('S36','Selle','2019-11-00','2020-04-00','Fournisseur2','S036',5, 10);
INSERT INTO PiècesD values('DV15','Dérailleur Avant','2020-10-00','2021-04-00','Fournisseur2','DV015',5, 10);
INSERT INTO PiècesD values('DR23','Dérailleur Arrière','2020-11-00','2021-05-00','Fournisseur2','DR023',5, 10);
INSERT INTO PiècesD values('R11','Roue','2020-10-00','2021-04-00','Fournisseur2','R011',5, 10);
INSERT INTO PiècesD values('R13','Roue','2020-10-00','2021-04-00','Fournisseur2','R012',5, 10);
INSERT INTO PiècesD values('R10','Réflecteurs','2020-11-00','2021-03-00','Fournisseur2','RF10',5, 10);
INSERT INTO PiècesD values('P15','Pédalier','2020-12-00','2021-05-00','Fournisseur2','P015',5, 10);
INSERT INTO PiècesD values('S74','Panier','2020-10-00','2021-04-00','Fournisseur2','S074',5, 10);
INSERT INTO PiècesD values('C87','Cadre','2010-10-00','2021-04-00','Fournisseur1','CA087',5, 10);
INSERT INTO PiècesD values('DV41','Dérailleur Avant','2020-10-00','2021-04-00','Fournisseur1','DV041',5, 10);
INSERT INTO PiècesD values('DR76','Dérailleur Arrière','2020-10-00','2021-04-00','Fournisseur1','DR076',5, 10);
INSERT INTO PiècesD values('C87f','Cadre','2010-10-00','2021-04-00','Fournisseur1','CA087f',5, 10);
INSERT INTO PiècesD values('S34','Selle','2012-11-00','2021-05-00','Fournisseur1','S034',5, 10);
INSERT INTO PiècesD values('S73','Panier','2009-10-00','2021-03-00','Fournisseur1','PA073',5, 10);
INSERT INTO PiècesD values('C25','Cadre','2013-10-00','2020-05-00','Fournisseur1','C025',5, 10);
INSERT INTO PiècesD values('S87','Selle','2015-10-00','2021-02-00','Fournisseur1','S087',5, 10);
INSERT INTO PiècesD values('DV132','Dérailleur Avant','2010-10-00','2021-04-00','Fournisseur1','DV132',5, 10);
INSERT INTO PiècesD values('DR52','Dérailleur Arrière','2015-04-00','2021-01-00','Fournisseur1','DR052',5, 10);
INSERT INTO PiècesD values('R44','Roue','2016-10-00','2020-04-00','Fournisseur1','R044',5, 10);
INSERT INTO PiècesD values('C26','Cadre','2012-10-00','2021-03-00','Fournisseur1','C026',5, 10);

-- (4) Insertion dans la table Fournisseur
INSERT INTO Fournisseur VALUE(0555978464687,'Oxelo','ChefKebab@gmail.com','12 Rue du Capitole',1);
INSERT INTO Fournisseur VALUE(0555978475423,'Amazon','AuPtitPlaisir@yahoo.fr','15 Rue de la gare',2);
INSERT INTO Fournisseur VALUE(0555978485524,'Wish','TurboVélo@hotmail.fr','18 Rue du midi',3);
INSERT INTO Fournisseur VALUE(0555978494789,'Rockrider','MaxiPédale@edu.EMLV.fr','25 Avenue du Chateau',4);

-- (4) Insertion dans la table Client
INSERT INTO Client values(1, '0605040302', 'bla@gmail.fr', null, 'Vital', 1, 3);
INSERT INTO Client values(2, '0650403020', 'bla2@gmail.fr', null, 'Zenou', 2, 2);
INSERT INTO Client values(3, '0612345678', 'bla3@gmail.fr', 'Decathlon', null, 3, null);
INSERT INTO Client values(4, '0687654321', 'bla4@gmail.fr', 'Intersport', null, 4, null );

-- (4) Insertion dans la table Adresse
INSERT INTO Adresse values(1, '12 Avenue Léonard de Vinci', 'Courbevoie', 92400, 'france');
INSERT INTO Adresse values(2, '10 rue de l église', 'Montreuil', 93100, 'france');
INSERT INTO Adresse values(3, '79 Rue de la République', 'Montreuil', 93100, 'france');
INSERT INTO Adresse values(4, '150 Rue de Rivoli', 'Paris', 75001, 'france');

-- (2) Insertion dans la table Boutique
INSERT INTO Boutique values(3, 'Decathlon', 'Pierre', 5);
INSERT INTO Boutique values(4, 'Intersport', 'Michel', 5);

-- (2) Insertion dans la table Individu
INSERT INTO Individu Values(1,'Vital','Timothé');
INSERT INTO Individu Values(2,'Zenou','Anna');

-- (4) Insertion dans la table Fidélio
INSERT INTO Fidélio(NumProg ,DescProg ,CoutProg,DureeProg,RabaisProg) VALUES (1,"Fidélio", 15, 1,5); 
INSERT INTO Fidélio(NumProg ,DescProg ,CoutProg,DureeProg,RabaisProg) VALUES (2,"Fidélio Or", 25, 2,8); 
INSERT INTO Fidélio(NumProg ,DescProg ,CoutProg,DureeProg,RabaisProg) VALUES (3,"Fidélio Platine", 60, 2,10); 
INSERT INTO Fidélio(NumProg ,DescProg ,CoutProg,DureeProg,RabaisProg) VALUES (4,"Fidélio Max", 100, 3,12); 

-- (3) Insertion dans la table Commande
INSERT INTO Commande Value(1,'12 avenue Léonard de Vinci, Courbevoie', '2022-05-10', '2022-05-15', 1);
INSERT INTO Commande Value(2,'10 rue de l église, Montreuil', '2022-05-11', '2022-05-16', 2);
INSERT INTO Commande Value(3,'150 Rue de Rivoli, Paris', '2022-05-12', '2022-05-17', 3);

-- (12) Insertion dans la table Fournit (association entre une pièce détachée et son fournisseur)
INSERT INTO Fournit VALUES(0555978464687,'C25');
INSERT INTO Fournit VALUES(0555978464687,'C26');
INSERT INTO Fournit VALUES(0555978464687,'C32');
INSERT INTO Fournit VALUES(0555978464687,'C87');
INSERT INTO Fournit VALUES(0555978464687,'C87f');
INSERT INTO Fournit VALUES(0555978464687,'DR52');
INSERT INTO Fournit VALUES(0555978464687,'DR56');
INSERT INTO Fournit VALUES(0555978464687,'DR76');
INSERT INTO Fournit VALUES(0555978464687,'DV132');
INSERT INTO Fournit VALUES(0555978464687,'DV133');
INSERT INTO Fournit VALUES(0555978464687,'DV17');
INSERT INTO Fournit VALUES(0555978464687,'DV41');
INSERT INTO Fournit VALUES(0555978464687,'F3');
INSERT INTO Fournit VALUES(0555978464687,'G7');
INSERT INTO Fournit VALUES(0555978464687,'O2');
INSERT INTO Fournit VALUES(0555978464687,'P12');
INSERT INTO Fournit VALUES(0555978464687,'R44');
INSERT INTO Fournit VALUES(0555978464687,'R45');
INSERT INTO Fournit VALUES(0555978464687,'R46');
INSERT INTO Fournit VALUES(0555978464687,'S34');
INSERT INTO Fournit VALUES(0555978464687,'S73');
INSERT INTO Fournit VALUES(0555978464687,'S87');
INSERT INTO Fournit VALUES(0555978464687,'S88');
#INSERT INTO Fournit VALUES(0555978464687,'P1');

INSERT INTO Fournit VALUES(0555978475423,'C02');
INSERT INTO Fournit VALUES(0555978475423,'C15');
INSERT INTO Fournit VALUES(0555978475423,'C34');
INSERT INTO Fournit VALUES(0555978475423,'DR23');
INSERT INTO Fournit VALUES(0555978475423,'DR87');
INSERT INTO Fournit VALUES(0555978475423,'DV15');
INSERT INTO Fournit VALUES(0555978475423,'P15');
INSERT INTO Fournit VALUES(0555978475423,'R10');
INSERT INTO Fournit VALUES(0555978475423,'R11');
INSERT INTO Fournit VALUES(0555978475423,'R13');
INSERT INTO Fournit VALUES(0555978475423,'R47');
INSERT INTO Fournit VALUES(0555978475423,'R48');
INSERT INTO Fournit VALUES(0555978475423,'S03');
INSERT INTO Fournit VALUES(0555978475423,'S05');
INSERT INTO Fournit VALUES(0555978475423,'S36');
INSERT INTO Fournit VALUES(0555978475423,'S74');

INSERT INTO Fournit VALUES(0555978485524,'C43');
INSERT INTO Fournit VALUES(0555978485524,'C76');
INSERT INTO Fournit VALUES(0555978485524,'DR86');
INSERT INTO Fournit VALUES(0555978485524,'DV57');
INSERT INTO Fournit VALUES(0555978485524,'DV87');
INSERT INTO Fournit VALUES(0555978485524,'F9');
INSERT INTO Fournit VALUES(0555978485524,'G9');
INSERT INTO Fournit VALUES(0555978485524,'P34');
INSERT INTO Fournit VALUES(0555978485524,'R02');
INSERT INTO Fournit VALUES(0555978485524,'R12');
INSERT INTO Fournit VALUES(0555978485524,'R18');
INSERT INTO Fournit VALUES(0555978485524,'R19');
INSERT INTO Fournit VALUES(0555978485524,'R32');
INSERT INTO Fournit VALUES(0555978485524,'S37');

INSERT INTO Fournit VALUES(0555978494789,'C01');
INSERT INTO Fournit VALUES(0555978494789,'C43f');
INSERT INTO Fournit VALUES(0555978494789,'C44f');
INSERT INTO Fournit VALUES(0555978494789,'G12');
INSERT INTO Fournit VALUES(0555978494789,'O4');
INSERT INTO Fournit VALUES(0555978494789,'P1');
INSERT INTO Fournit VALUES(0555978494789,'R09');
INSERT INTO Fournit VALUES(0555978494789,'R1');
INSERT INTO Fournit VALUES(0555978494789,'R2');
INSERT INTO Fournit VALUES(0555978494789,'S01');
INSERT INTO Fournit VALUES(0555978494789,'S02');
INSERT INTO Fournit VALUES(0555978494789,'S35');


-- (3) Insertion dans la table Contient_PiècesD (association entre une pièce détachée et une commande)
INSERT INTO Contient_PiècesD values(1, 'C32', 1);
INSERT INTO Contient_PiècesD values(2, 'G7', 1);
INSERT INTO Contient_PiècesD values(3, 'F3', 1);

-- (3) Insertion dans la table Contient_Vélo (association entre un vélo et une commande)
INSERT INTO Contient_Vélo values(1, 110, 1);
INSERT INTO Contient_Vélo values(2, 101, 1);
INSERT INTO Contient_Vélo values(2, 103, 1);
INSERT INTO Contient_Vélo values(3, 102, 1);

-- (4) Insertion dans la table Affecte_Adresse (association entre un client et une adresse)
INSERT INTO Affecte_Adresse Values(1,1);
INSERT INTO Affecte_Adresse Values(2,2);
INSERT INTO Affecte_Adresse Values(3,3);
INSERT INTO Affecte_Adresse Values(4,4);

-- (4) Insertion dans la table Adhère (association entre un client(individu) et un programme Fidélio)
INSERT INTO Adhère Values(1,3, '2022-11-05', '2022-11-05');
INSERT INTO Adhère Values(2,2, '2022-10-05', '2022-10-05');